,repository_name,language
0,.github,
1,aioshumway,Python
2,android-auth,HTML
3,android-sdk,HTML
4,android-store-service,Python
5,annoy,C++
6,annoy-java,Java
7,apollo,Java
8,apollo-elide,Java
9,apollo-metrics,
10,apps-tutorial,
11,async-datastore-client,Java
12,async-google-pubsub-client,Java
13,backup-utils,Shell
14,basic-pitch,Python
15,basic-pitch-ts,TypeScript
16,batty,Python
17,bazel,
18,bazel-tools,Java
19,beam,Java
20,big-data-rosetta-code,Scala
21,bigtable-autoscaler,Java
22,boilerplate-app,
23,bucket-runner,JavaScript
24,cartography,Python
25,cassandra-extra,Java
26,cassandra-medusa,Python
27,cassandra-opstools,Java
28,cassandra-reaper,
29,causify,
30,certcheck,Python
31,chartify,Python
32,code-of-conduct,
33,collectd,C
34,comet,Python
35,comet-common,Python
36,comet-core,Python
37,completable-futures,Java
38,condor,Java
39,confidence,Python
40,confidence-sdk-android,Kotlin
41,confidence-sdk-flutter,Dart
42,confidence-sdk-go,Go
43,confidence-sdk-java,Java
44,confidence-sdk-js,TypeScript
45,confidence-sdk-python,Python
46,confidence-sdk-rust,Rust
47,confidence-sdk-swift,Swift
48,container-agent,Python
49,conversion-api-tag-template,Smarty
50,cookiecutter-golang,Go
51,coordinator,HTML
52,crtauth,Python
53,crtauth-java,Java
54,crtauth-java-agent-signer-apache,Java
55,crunch-lib,Java
56,cstar,Python
57,daemon-java,Java
58,dataenum,Java
59,DataflowJavaSDK,Java
60,dataproc-java-submitter,Java
61,dataprocxy,Python
62,dbeam,Java
63,debify,Shell
64,dh-virtualenv,Python
65,diffuser,Swift
66,dns-java,Java
67,docgenerator,Java
68,docker-alpine,
69,docker-bigtable,Go
70,docker-cassandra,Shell
71,docker-client,Java
72,docker-gc,Shell
73,docker-kafka,Shell
74,docker-maven-plugin,Java
75,docker-stress,Python
76,dockerfile-maven,Java
77,dockerfile-mode,Emacs Lisp
78,docker_interface,Python
79,drserv,Python
80,druid,
81,duck,Ruby
82,echoprint-codegen,C++
83,echoprint-server,Java
84,elasticsearch-index-window,Java
85,elitzur,Scala
86,eslint-config-oss,JavaScript
87,etcd,Go
88,featran,Scala
89,ffwd,Java
90,ffwd-client-java,Java
91,ffwd-http-client,Java
92,ffwd-ruby,Ruby
93,flink,Java
94,flink-docker,
95,flink-on-k8s-operator,Go
96,flo,Java
97,flume-syslog-source2,Java
98,flyte-flink-plugin,Go
99,fmt-maven-plugin,Java
100,folsom,Java
101,foss-root,
102,futures-extra,Java
103,futuristic-feline,Java
104,gcp-audit,Python
105,gcp-aws-iam-federation-webidentity,HCL
106,gcp-firewall-enforcer,Python
107,gcs-tools,Scala
108,ghelog,Python
109,gimme,Python
110,git-test,Shell
111,github-java-client,Java
112,google-http-java-client,Java
113,gordon,Python
114,gordon-gcp,Python
115,gordon-introspection,Python
116,gordon-janitor,Python
117,gordon-janitor-gcp,Python
118,griffin,Python
119,hadoop-openpgp-codec,Java
120,hdfs2cass,Java
121,helios,Java
122,helios-go,Go
123,helios-skydns,Java
124,heroic,Java
125,heroic-client-go,Go
126,heroic-client-java,Java
127,homebrew-public,Ruby
128,hornet,Scala
129,HubFramework,Objective-C
130,hush-tab,JavaScript
131,hype,Java
132,hyperflo,Scala
133,ieee-spm-vocals-tutorial,Jupyter Notebook
134,ios-auth,Objective-C
135,ios-ci,Shell
136,ios-sdk,Objective-C
137,ios-style,
138,java-hamcrest,Java
139,java-lkk,Java
140,jenkins-coverage-poster,Groovy
141,jira-lkk-bridge,Java
142,JniHelpers,C++
143,jsconfeu-2013,JavaScript
144,kafka,Scala
145,kairosdb,Java
146,kernel-common,
147,klio,Python
148,lemur,Python
149,lighthouse-audit-service,TypeScript
150,limbo,Scala
151,lingon,JavaScript
152,linux,C
153,logging-java,Java
154,luigi,Python
155,lyceum,Clojure
156,mace,
157,magnolify,Scala
158,metrics-munin-reporter,Java
159,missinglink,Java
160,mlockexec,Python
161,mobius,Java
162,mobius-android-sample,Java
163,Mobius.swift,Swift
164,moob,Ruby
165,netty-batch-flusher,Java
166,netty-zmtp,Java
167,noether,Scala
168,okta-sdk-python,Python
169,openfeature-kotlin-sdk,Kotlin
170,openfeature-swift-sdk,Swift
171,pedalboard,C++
172,PeqBank,C
173,perf-map-agent,C
174,phpconf-argentina-2014,JavaScript
175,platform-external-bluetooth-bluez,
176,polly-jest-presets,TypeScript
177,postgresql-metrics,Python
178,proto-registry,TypeScript
179,proto-requests,TypeScript
180,protoman,Java
181,puppet-talos,Puppet
182,pyeos,Python
183,pyfg,Python
184,pyschema,Python
185,python-graphwalker,Python
186,pythonflow,Python
187,pywk,Python
188,quickstart,JavaScript
189,ratatool,Scala
190,react-native-lookback,Objective-C
191,reactochart,JavaScript
192,realbook,Python
193,redux-location-state,JavaScript
194,requests-crtauth,Python
195,robolectric,Java
196,rspec-dns,Ruby
197,rspec-dnsruby,Ruby
198,ruler,Kotlin
199,s3mper,Java
200,scanctl,Python
201,scio,Scala
202,scio-contrib,Scala
203,scio-idea-plugin,Scala
204,scio.g8,Scala
205,sekexe,Shell
206,semantic-metrics,Java
207,should-up,JavaScript
208,shumway,Python
209,simple-bigtable,Java
210,skydns,
211,skygc,Python
212,snakebite,Python
213,soa-reference-integration,TypeScript
214,soundcheck-demo-environment,TypeScript
215,spark-bigquery,Scala
216,sparkey,C
217,sparkey-java,Java
218,sparkey-python,Python
219,spawn,Java
220,spotify-checkstyle-config,
221,spotify-heroic-datasource,TypeScript
222,spotify-js-challenge,JavaScript
223,spotify-json,C++
224,spotify-tensorflow,Python
225,spotify-web-api-ts-sdk,TypeScript
226,spotify-web-playback-sdk-example,JavaScript
227,spotify.github.io,HTML
228,SpotifyLogin,Swift
229,sprunch,Scala
230,SPStackedNav,Objective-C
231,SPTDataLoader,Objective-C
232,SPTPersistentCache,Objective-C
233,spydra,Java
234,spymaster,Python
235,squashing-census-exporter,Kotlin
236,ssh-agent-proxy,Java
237,ssh-agent-tls,Java
238,styx,Java
239,super-smash-brogp,Python
240,swupdate,
241,syslog-redirector,Go
242,syslog-redirector-golang,Go
243,talos,Ruby
244,terraform-gke-kubeflow-cluster,HCL
245,terraform-google-aws-hybrid-cloud-vpn,HCL
246,terraform-google-grr,HCL
247,testing-game,Python
248,tfexample-derive,Scala
249,tfreader,Scala
250,tfx,Python
251,threaddump-analyzer,JavaScript
252,trickle,Java
253,ts-interface-loader,TypeScript
254,tutter-jenkins,Ruby
255,uboot,
256,ulogger,Python
257,Vandelay,Java
258,vdisk,Python
259,visualizer-app,
260,volcano,Go
261,voyager,C++
262,wasd,Java
263,web-api,RAML
264,web-api-examples,HTML
265,web-audio-bench,JavaScript
266,web-playback-sdk,
267,web-scripts,TypeScript
268,web-scripts-library-template,TypeScript
269,XCMetrics,Swift
270,XCRemoteCache,Swift
271,zoltar,Java
